Id,Nome,Data de Nascimento,Telefone,Data/Hora
1,julio,1991-07-11,14991647966,05/09/2024, 10:21:50
2,JULIO,1991-07-11,14991647966,05/09/2024, 10:33:11
3,Davi Vieira,2004-09-09,+55 (051) 2724 6109,05/09/2024, 13:45:01
4,Eloah Novaes,1951-10-12,+55 (081) 6595 3256,05/09/2024, 13:45:01
5,Isabella Cardoso,1955-10-26,+55 (041) 5889-5900,05/09/2024, 13:45:01
6,Dr. Joaquim Pereira,1972-09-28,+55 (084) 7257-1899,05/09/2024, 13:45:01
7,Pedro Henrique Mendes,1972-03-27,81 2151-2572,05/09/2024, 13:45:01
8,Brenda Melo,1983-01-21,(061) 3201-7005,05/09/2024, 13:45:01
9,Ryan Cunha,1946-08-01,0800-626-1548,05/09/2024, 13:45:01
10,Lucca Freitas,1957-04-05,81 5167 3230,05/09/2024, 13:45:01
11,Juliana Rocha,1998-02-10,+55 81 6952-1702,05/09/2024, 13:45:01
12,Sr. Joaquim Almeida,1981-12-09,+55 51 0781 6634,05/09/2024, 13:45:01
13,Carolina Pires,1999-04-04,(021) 5675-5342,05/09/2024, 13:45:01
14,Srta. Fernanda Caldeira,1985-02-17,84 6987-3082,05/09/2024, 13:45:01
15,Lara Cavalcanti,1950-08-29,(011) 8836-0934,05/09/2024, 13:45:01
16,Rafaela Moura,1983-03-27,31 0992-8166,05/09/2024, 13:45:01
17,Kaique Almeida,1943-11-23,11 0930-4466,05/09/2024, 13:45:01
18,Ana Sophia da Costa,1945-05-04,0300-998-8547,05/09/2024, 13:45:01
19,Cauê Ramos,1960-06-10,+55 61 9691-6919,05/09/2024, 13:45:01
20,Guilherme Cardoso,1994-06-12,11 8092-8176,05/09/2024, 13:45:01
21,Maria Cecília Moura,2000-09-15,+55 71 1907 8536,05/09/2024, 13:45:01
22,Giovanna Silva,1973-07-21,(071) 3226 3697,05/09/2024, 13:45:01
23,Vitor Hugo Vieira,1955-12-06,+55 31 9863 2834,05/09/2024, 13:45:01
24,Sophia Oliveira,1959-11-08,(071) 8660-4120,05/09/2024, 13:45:01
25,Maria Vitória da Conceição,1970-08-04,21 0973-0870,05/09/2024, 13:45:01
26,Diogo Cavalcanti,1963-12-19,+55 (051) 2765 1316,05/09/2024, 13:45:01
27,João Lucas Costa,1981-07-22,+55 (061) 9911 4719,05/09/2024, 13:45:01
28,Maria Vitória Dias,2003-11-16,+55 (081) 7959-5278,05/09/2024, 13:45:01
29,Esther Cardoso,1949-07-26,31 8268-8192,05/09/2024, 13:45:01
30,Srta. Daniela Pinto,1993-02-13,(081) 2388-6907,05/09/2024, 13:45:01
31,Ana Laura da Rosa,1947-08-15,84 0282-8532,05/09/2024, 13:45:01
32,Rafael Oliveira,1965-02-25,(081) 7934-8331,05/09/2024, 13:45:01
33,Brenda Pereira,1988-12-31,0300 260 6690,05/09/2024, 13:45:01
34,Ana Carolina Pires,1964-10-11,+55 (081) 7395-9521,05/09/2024, 13:45:01
35,Ana Júlia Silveira,1948-08-12,+55 21 1184 8394,05/09/2024, 13:45:01
36,Vitor Aragão,1954-12-02,51 4702 3211,05/09/2024, 13:45:01
37,Bárbara Caldeira,1947-10-29,84 0351 0623,05/09/2024, 13:45:01
38,João Miguel Duarte,1999-11-07,+55 41 3256 8316,05/09/2024, 13:45:01
39,Brenda da Mata,1948-08-09,0900 572 6116,05/09/2024, 13:45:01
40,Maria Nunes,1954-04-25,61 4650 0653,05/09/2024, 13:45:01
41,Dr. Luiz Otávio Jesus,1965-06-12,+55 71 7638 4993,05/09/2024, 13:45:01
42,Vitor Gabriel Fogaça,2002-12-24,+55 (084) 6689 5618,05/09/2024, 13:45:01
43,Murilo Nunes,1948-11-27,(081) 1921 1917,05/09/2024, 13:45:01
44,João Miguel Fernandes,1948-02-06,+55 (071) 2857 5455,05/09/2024, 13:45:01
45,Dr. Luiz Fernando Ferreira,1973-08-21,+55 (081) 7929-1086,05/09/2024, 13:45:01
46,Diego da Conceição,1994-04-06,(071) 0655-0985,05/09/2024, 13:45:01
47,Alexia Nunes,1977-07-17,+55 (071) 8522 6839,05/09/2024, 13:45:01
48,Juan Rocha,2000-07-03,(084) 0869-7666,05/09/2024, 13:45:01
49,Maria Sophia Pinto,1943-11-18,0800-783-4071,05/09/2024, 13:45:01
50,Lara Caldeira,2004-04-10,+55 31 1810 2914,05/09/2024, 13:45:01
51,Ryan da Mata,1992-08-12,0300-667-5695,05/09/2024, 13:45:01
52,Bruna Castro,1981-12-10,51 3092 0131,05/09/2024, 13:45:01
53,Matheus Cunha,1960-10-30,(021) 0135-8199,05/09/2024, 13:45:01
54,Kaique Araújo,1979-11-19,(011) 3440 8567,05/09/2024, 13:45:01
55,Guilherme Pereira,1970-06-21,41 6074 2818,05/09/2024, 13:45:01
56,Emilly Pires,1997-07-28,(011) 0688 3471,05/09/2024, 13:45:01
57,Emanuelly Barros,1995-03-09,31 4916 9617,05/09/2024, 13:45:01
58,Vitor da Rocha,1986-02-04,31 9997-0225,05/09/2024, 13:45:01
59,Cauã Araújo,1987-08-30,0300 145 0245,05/09/2024, 13:45:01
60,Caio Azevedo,1972-11-04,+55 (084) 7803-0100,05/09/2024, 13:45:01
61,Dr. Kaique Santos,1988-02-17,+55 (041) 2425-9069,05/09/2024, 13:45:01
62,Ana Lívia das Neves,1977-09-30,31 7512 6069,05/09/2024, 13:45:01
63,Sophia Araújo,1953-04-26,0800 454 2589,05/09/2024, 13:45:01
64,Carlos Eduardo Nunes,1968-09-24,(051) 3590-0128,05/09/2024, 13:45:01
65,Heitor Monteiro,1980-12-15,+55 11 6267 0585,05/09/2024, 13:45:01
66,Diogo Caldeira,1960-08-11,0800-409-6401,05/09/2024, 13:45:01
67,Caio Silva,1949-02-22,+55 (081) 9911 0306,05/09/2024, 13:45:01
68,Raquel da Rosa,1947-08-16,+55 (031) 5314 2362,05/09/2024, 13:45:01
69,Ana Luiza Pereira,1983-06-28,81 6037 1734,05/09/2024, 13:45:01
70,Alícia Vieira,1959-08-17,+55 (071) 4787 6597,05/09/2024, 13:45:01
71,Alice Ferreira,1997-04-26,+55 (071) 4479 0039,05/09/2024, 13:45:01
72,Benício Barbosa,1977-11-27,31 4784-0743,05/09/2024, 13:45:01
73,Srta. Pietra Ramos,1970-10-26,0800-945-4634,05/09/2024, 13:45:01
74,João Miguel Azevedo,2004-06-20,71 6333 5523,05/09/2024, 13:45:01
75,Pietra Barros,1970-11-02,+55 (041) 2104 6617,05/09/2024, 13:45:01
76,Samuel Costela,1999-10-12,+55 84 7694 9237,05/09/2024, 13:45:01
77,Maria Vitória das Neves,2005-06-13,0900-094-7457,05/09/2024, 13:45:01
78,Raquel Campos,1977-08-30,+55 11 6552-1025,05/09/2024, 13:45:01
79,Isabel Cardoso,1951-01-24,+55 (011) 1816 9023,05/09/2024, 13:45:01
80,Bernardo Alves,1944-08-28,+55 51 9885 2264,05/09/2024, 13:45:01
81,Maria Clara Peixoto,1948-08-31,+55 (084) 9472-4647,05/09/2024, 13:45:01
82,Renan Almeida,1954-09-20,+55 (031) 1320-7790,05/09/2024, 13:45:01
83,Vitor Hugo Cardoso,1997-07-03,+55 81 4045 6959,05/09/2024, 13:45:01
84,Enrico Monteiro,1980-07-16,(051) 7408-5523,05/09/2024, 13:45:01
85,Amanda Barbosa,1980-01-20,21 4115 8490,05/09/2024, 13:45:01
86,Daniela Cardoso,1950-04-04,(081) 7955 1528,05/09/2024, 13:45:01
87,Sr. Thales Costela,1996-03-24,+55 (084) 7528 7261,05/09/2024, 13:45:01
88,Erick Moreira,1956-02-01,+55 11 3286 9803,05/09/2024, 13:45:01
89,Dra. Milena Carvalho,1953-11-22,(061) 2606-7881,05/09/2024, 13:45:01
90,Sr. Enrico Gomes,1956-10-27,+55 81 9371 0808,05/09/2024, 13:45:01
91,Diego Gomes,2005-11-08,+55 (041) 1709-6125,05/09/2024, 13:45:01
92,Augusto Fogaça,1982-01-25,+55 61 5987 0469,05/09/2024, 13:45:01
93,Igor Silva,1950-01-20,0500 694 8129,05/09/2024, 13:45:01
94,Srta. Carolina da Cruz,1974-08-04,+55 71 5718 3379,05/09/2024, 13:45:01
95,Pedro Lucas Araújo,1954-08-04,0900-275-4380,05/09/2024, 13:45:01
96,Dra. Luiza Souza,1956-02-21,+55 41 8056 0571,05/09/2024, 13:45:01
97,Emanuel Monteiro,1990-04-01,(021) 0527-4464,05/09/2024, 13:45:01
98,Dra. Rebeca Novaes,1975-04-07,51 5255 3518,05/09/2024, 13:45:01
99,Gustavo Almeida,1990-03-23,0500 713 7578,05/09/2024, 13:45:01
100,Isadora Correia,1961-03-18,+55 (021) 8085-1062,05/09/2024, 13:45:01
101,Luiz Henrique Moraes,1944-10-23,+55 (031) 9964 4733,05/09/2024, 13:45:01
102,Enrico Dias,1943-10-13,+55 (081) 8433 7640,05/09/2024, 13:45:01
103,Natália Caldeira,1952-01-18,71 8923 9332,05/09/2024, 13:45:01
104,Pedro Henrique Correia,1972-09-30,(051) 3687-9039,05/09/2024, 13:45:01
105,Gabrielly Duarte,1948-05-27,+55 41 6466 8352,05/09/2024, 13:45:01
106,Vitor Carvalho,1952-06-21,(061) 0193 4388,05/09/2024, 13:45:01
107,Yago Cardoso,1989-05-12,(031) 2693 2320,05/09/2024, 13:45:01
108,Ian Rodrigues,1973-01-31,(071) 1808-1956,05/09/2024, 13:45:01
109,Ana Lívia Almeida,2005-09-27,+55 (071) 8934-2833,05/09/2024, 13:45:01
110,Pietra Pires,1994-06-05,61 2536-0903,05/09/2024, 13:45:01
111,Sra. Beatriz Ramos,1952-10-14,+55 61 5952 3728,05/09/2024, 13:45:01
112,Melissa da Rocha,2002-02-20,+55 51 6432 3595,05/09/2024, 13:45:01
113,Benjamin Carvalho,1978-11-27,+55 21 7137 2937,05/09/2024, 13:45:01
114,Dr. Davi Luiz Nunes,1981-04-28,+55 41 3310-9406,05/09/2024, 13:45:01
115,Milena Ribeiro,1976-07-11,+55 (051) 4271 6120,05/09/2024, 13:45:01
116,Daniela Gonçalves,1949-02-22,+55 61 6285-3876,05/09/2024, 13:45:01
117,Sophia Fernandes,1974-11-08,+55 (051) 1566-2956,05/09/2024, 13:45:01
118,Yuri Fogaça,1964-09-11,0300-879-1497,05/09/2024, 13:45:01
119,Pedro Henrique Ribeiro,1997-02-07,+55 (031) 5908-0847,05/09/2024, 13:45:01
120,Srta. Emilly Pinto,1991-08-10,11 8578-4965,05/09/2024, 13:45:01
121,Pietra Melo,1960-07-12,+55 21 2275-1731,05/09/2024, 13:45:01
122,Eduardo Pinto,1947-06-21,+55 41 8027 8735,05/09/2024, 13:45:01
123,Sra. Maysa Castro,1985-10-25,0800-525-8568,05/09/2024, 13:45:01
124,Thiago Cavalcanti,1973-05-03,+55 51 3972 4431,05/09/2024, 13:45:01
125,Sofia Araújo,1995-04-09,51 4413 0729,05/09/2024, 13:45:01
126,Matheus Mendes,1983-05-24,(061) 4974-0170,05/09/2024, 13:45:01
127,Eduarda Cunha,1985-10-02,11 3900-6878,05/09/2024, 13:45:01
128,Agatha Aragão,1999-03-13,+55 (084) 6621-0568,05/09/2024, 13:45:01
129,Gabrielly Cardoso,1955-07-17,61 1004-3029,05/09/2024, 13:45:01
130,Nicole Vieira,1983-06-05,(081) 1805-1901,05/09/2024, 13:45:01
131,Srta. Maria Vitória das Neves,1990-02-09,41 6812 3948,05/09/2024, 13:45:01
132,Diego Duarte,1968-01-03,+55 31 6006 6093,05/09/2024, 13:45:01
133,Dra. Maria Sophia Caldeira,1983-09-20,+55 (021) 8371-4717,05/09/2024, 13:45:01
134,Cauê Souza,2006-02-22,+55 61 6842-0286,05/09/2024, 13:45:01
135,Nicolas Jesus,1984-06-24,+55 11 1184 1202,05/09/2024, 13:45:01
136,Isis Costa,1994-02-12,81 3572 2550,05/09/2024, 13:45:01
137,Nicole Freitas,1954-08-06,11 4517 9391,05/09/2024, 13:45:01
138,Mariane Nunes,1995-02-16,+55 71 1479-9164,05/09/2024, 13:45:01
139,Danilo Silva,1960-12-15,+55 (051) 0671 1791,05/09/2024, 13:45:01
140,Leonardo Rocha,1973-09-19,+55 (051) 7015-2050,05/09/2024, 13:45:01
141,Srta. Brenda das Neves,1969-03-14,0300-754-0093,05/09/2024, 13:45:01
142,Dr. Isaac Melo,1948-09-25,31 9621 8404,05/09/2024, 13:45:01
143,Miguel Peixoto,1983-08-10,0800 125 6009,05/09/2024, 13:45:01
144,Guilherme Lima,2000-10-20,+55 (084) 1500-8932,05/09/2024, 13:45:01
145,João Vitor Gomes,1962-11-10,(051) 8055-8627,05/09/2024, 13:45:01
146,Ana Moreira,1966-06-19,0900 708 1331,05/09/2024, 13:45:01
147,Heitor Farias,1982-04-02,21 7168-1376,05/09/2024, 13:45:01
148,Emanuella da Luz,1958-05-07,0800-726-9453,05/09/2024, 13:45:01
149,Stephany da Mata,1974-10-19,61 1816-3613,05/09/2024, 13:45:01
150,Dr. Nicolas Gomes,1989-12-04,+55 61 7818 0850,05/09/2024, 13:45:01
151,Elisa Rezende,1969-10-30,+55 11 9329 5087,05/09/2024, 13:45:01
152,Thales Sales,1958-06-15,11 0732 0839,05/09/2024, 13:45:01
153,Eduarda Moreira,1953-10-06,84 1964 1422,05/09/2024, 13:45:01
154,Sr. Antônio Cunha,1965-03-12,+55 81 4261-4615,05/09/2024, 13:45:01
155,Luiz Gustavo Monteiro,1959-05-12,41 3748 1329,05/09/2024, 13:45:01
156,Stephany Costa,1993-04-02,+55 81 4137-1521,05/09/2024, 13:45:01
157,Bruno Rocha,1967-07-20,(011) 8473 0157,05/09/2024, 13:45:01
158,Augusto Araújo,1964-02-27,61 9582-1191,05/09/2024, 13:45:01
159,Maria Clara Moreira,1986-03-29,81 7167 7677,05/09/2024, 13:45:01
160,Vitor Ramos,1980-05-08,71 5991 7658,05/09/2024, 13:45:01
161,Srta. Cecília Moreira,1953-11-30,0900-586-5852,05/09/2024, 13:45:01
162,Ana Beatriz Nogueira,1945-08-05,(061) 2454 9463,05/09/2024, 13:45:01
163,Pedro Henrique Ramos,1998-12-10,0500 739 2403,05/09/2024, 13:45:01
164,Dr. Diogo Caldeira,2000-03-07,(061) 7203 6933,05/09/2024, 13:45:01
165,Sr. Murilo da Costa,1945-05-13,+55 84 8022 6164,05/09/2024, 13:45:01
166,Dra. Lorena Castro,2004-04-09,31 3408-9933,05/09/2024, 13:45:01
167,Davi Carvalho,1986-12-30,+55 51 7177 3716,05/09/2024, 13:45:01
168,Sr. Nicolas Jesus,1947-08-13,0900-935-1635,05/09/2024, 13:45:01
169,Sr. Pedro Dias,1953-12-18,(011) 0276 3242,05/09/2024, 13:45:01
170,Vitor Gabriel Martins,1953-09-22,+55 71 4427-7685,05/09/2024, 13:45:01
171,Cauê Correia,1963-03-05,+55 (041) 2948 9612,05/09/2024, 13:45:01
172,Leonardo Moura,1952-01-21,0500-386-9260,05/09/2024, 13:45:01
173,Dr. Davi Lucca Vieira,1944-08-22,41 7679-3521,05/09/2024, 13:45:01
174,Sophie Rezende,1993-02-20,81 1973-8286,05/09/2024, 13:45:01
175,Lara Viana,1984-05-12,+55 (061) 9612-8466,05/09/2024, 13:45:01
176,Breno Nascimento,1959-04-08,+55 (051) 1979-4519,05/09/2024, 13:45:01
177,João Gabriel da Paz,1974-09-06,(071) 8476 1729,05/09/2024, 13:45:01
178,Dr. Gustavo Henrique Mendes,1961-09-23,+55 11 2265-8826,05/09/2024, 13:45:01
179,Sofia da Rocha,2006-08-22,(021) 7772 0199,05/09/2024, 13:45:01
180,Diego Ferreira,1985-12-30,+55 (021) 5484 7447,05/09/2024, 13:45:01
181,Raquel Martins,1949-11-02,71 7083 0567,05/09/2024, 13:45:01
182,Matheus Fogaça,1994-12-26,+55 71 8603 9929,05/09/2024, 13:45:01
183,Clara Correia,1981-06-12,(081) 5697 2905,05/09/2024, 13:45:01
184,Joana da Mota,1956-02-22,+55 84 9810-0109,05/09/2024, 13:45:01
185,Dr. Pedro Miguel Sales,2005-02-03,31 2880-3628,05/09/2024, 13:45:01
186,Sr. João Pedro Rodrigues,1969-01-16,(021) 4924 1601,05/09/2024, 13:45:01
187,Manuela Fogaça,1998-12-13,+55 (061) 2138 6142,05/09/2024, 13:45:01
188,Isaac Gonçalves,2003-04-29,(071) 0926-8832,05/09/2024, 13:45:01
189,Benício Moraes,1961-10-31,(071) 7903 3177,05/09/2024, 13:45:01
190,Srta. Maria Alice da Cunha,1955-10-13,41 3419-3747,05/09/2024, 13:45:01
191,Calebe Teixeira,1972-10-16,+55 (061) 4043 0862,05/09/2024, 13:45:01
192,Renan Dias,1986-05-11,(021) 5399 0361,05/09/2024, 13:45:01
193,Olivia da Cunha,1959-07-07,51 5816 8607,05/09/2024, 13:45:01
194,Sra. Maria Sophia Peixoto,1976-09-14,+55 (041) 6338 4178,05/09/2024, 13:45:01
195,Maitê Lopes,1995-09-06,51 3689 2168,05/09/2024, 13:45:01
196,Maria da Paz,1947-07-20,(031) 6895-9858,05/09/2024, 13:45:01
197,Dr. Pedro Henrique Rezende,1995-04-22,+55 81 1189 9737,05/09/2024, 13:45:01
198,Maria Cecília Rocha,1957-09-17,84 5985 5878,05/09/2024, 13:45:01
199,Luana da Mata,1949-02-02,51 0855 8295,05/09/2024, 13:45:01
200,Daniela Moura,1967-06-27,0300 582 4827,05/09/2024, 13:45:01
201,Heitor da Rosa,1967-10-31,+55 71 4848-5682,05/09/2024, 13:45:01
202,Otávio Cavalcanti,1956-03-15,+55 71 6523 4486,05/09/2024, 13:45:01
